Emotion,Count,Percentage
Fear,184,1.6163035839775124
Surprise,551,4.840126493323964
Neutral,6616,58.11665495432186
Sadness,476,4.181307097680956
Disgust,186,1.633872101194659
Happiness,2564,22.522839072382293
Contempt,372,3.267744202389318
Anger,435,3.8211524947294446
