Accuracy,Macro F1,Weighted F1,Number of samples,Split,Fear F1,Surprise F1,Neutral F1,Sadness F1,Disgust F1,Happiness F1,Contempt F1,Anger F1
0.4144413211524947,0.23531967997293657,0.46258295115021286,11384,Test2,0.053022269353128315,0.1271551724137931,0.5616529238934698,0.23878536922015184,0.08459214501510574,0.46562786434463793,0.09420289855072464,0.2575187969924812
