Accuracy,Macro F1,Weighted F1,Number of samples,Split,Happiness F1,Anger F1,Neutral F1,Contempt F1,Surprise F1,Disgust F1,Fear F1,Sadness F1
0.3898869511874507,0.23319871448189944,0.44167634480244866,11411,All,0.4661682242990654,0.2803738317757009,0.523390643742503,0.09339774557165861,0.1476407914764079,0.06295399515738499,0.05897435897435897,0.23269012485811577
