Accuracy,Macro F1,Weighted F1,Number of samples,Original samples,Filtered samples
0.3898869511874507,0.23319871448189944,0.44167634480244866,11411,11411,3404
