Accuracy,Macro F1,Weighted F1,Number of samples,Split,Disgust F1,Sadness F1,Contempt F1,Happiness F1,Neutral F1,Anger F1,Surprise F1,Fear F1
0.3898869511874507,0.23319871448189944,0.44167634480244866,11411,Test2,0.06295399515738499,0.23269012485811577,0.09339774557165861,0.4661682242990654,0.523390643742503,0.2803738317757009,0.1476407914764079,0.05897435897435897
