Emotion,Count,Percentage
Disgust,186,1.630006134431689
Sadness,479,4.1977039698536505
Contempt,374,3.2775392165454384
Happiness,2566,22.48707387608448
Neutral,6631,58.1105950398738
Anger,437,3.829638068530365
Surprise,553,4.846201034089914
Fear,185,1.621242660590658
