Accuracy,Macro F1,Weighted F1,Number of samples
0.31010217200081197,0.1537497423402776,0.31175644599356794,14779
