Accuracy,Macro F1,Weighted F1,Number of samples,Split,Contempt F1,Anger F1,Neutral F1,Sadness F1,Surprise F1,Happiness F1,Disgust F1,Fear F1
0.40251185666608114,0.22338600964510175,0.44899775009397336,11386,Test2,0.07269155206286837,0.24168126094570927,0.5464084708575789,0.2328767123287671,0.13090128755364808,0.4530859793078844,0.05750798722044728,0.051934826883910386
