Emotion,Count,Percentage
Contempt,373,3.2759529246443
Anger,435,3.820481292815739
Neutral,6620,58.14157737572457
Sadness,478,4.198138064289479
Surprise,552,4.848059019848938
Happiness,2558,22.466186544879676
Disgust,186,1.633585104514316
Fear,184,1.6160196732829792
